<?xml version="1.0" encoding="utf-8" ?>
		<hibernate-mapping xmlns="urn:nhibernate-mapping-2.2"
		                   assembly="CervezUAGenNHibernate"
		                   namespace="CervezUAGenNHibernate.EN.CervezUA">
		    
		    
			
				<class name="ArticuloEN" table="Articulo"> 
				  	
						<id name="Id" column="id" type="integer"> 
							<generator class="hilo"/>
						</id>
			
					
					<property name="Nombre" type="string"> 
						<column name="nombre"  not-null="true"/>
					</property>
					<property name="Stock" type="integer"> 
						<column name="stock"  not-null="true"/>
					</property>
					<property name="Precio" type="double"> 
						<column name="precio"  not-null="true"/>
					</property>
					<property name="ValMedia" type="double"> 
						<column name="valMedia"  not-null="true"/>
					</property>
					<property name="Descripcion" type="string"> 
						<column name="descripcion"  not-null="true"/>
					</property>
					<property name="Imagen" type="string"> 
						<column name="imagen"  not-null="true"/>
					</property>
					<property name="Marca" type="string"> 
						<column name="marca"  not-null="true"/>
					</property>
			
			
			
			
			
			
			
			
			
			
		  			
						<bag name="Valoracion" >
							<key>
							
								
								<column name="FK_id_idArticulo"/>
					      	</key>
							<one-to-many class="CervezUAGenNHibernate.EN.CervezUA.ValoracionEN"/>
					    </bag>
					
			
		  			
						<bag name="LineaPedido" >
							<key>
							
								
								<column name="FK_id_idArticulo"/>
					      	</key>
							<one-to-many class="CervezUAGenNHibernate.EN.CervezUA.LineaPedidoEN"/>
					    </bag>
					
					
					
					
					
					
					
					
					
					
					
		
		 </class>	
		  
		  <query name="ArticuloENReadAllHQL">from ArticuloEN</query>
		  <query name="ArticuloENdevuelvePorMarcaHQL"><![CDATA[FROM ArticuloEN where marca = :brand]]></query>
		</hibernate-mapping>
	