<?xml version="1.0" encoding="utf-8" ?>
		<hibernate-mapping xmlns="urn:nhibernate-mapping-2.2"
		                   assembly="CervezUAGenNHibernate"
		                   namespace="CervezUAGenNHibernate.EN.CervezUA">
		    
		    
			
				
<joined-subclass name="CervezaEN" extends="CervezUAGenNHibernate.EN.CervezUA.ArticuloEN" table="Cerveza"> 
	<key>
    	
				<column name="id"/>
		
    	
   	</key>

			
					
					<property name="Volumen" type="double"> 
						<column name="volumen"  not-null="true"/>
					</property>
					<property name="Unidades" type="integer"> 
						<column name="unidades"  not-null="true"/>
					</property>
					<property name="Graduacion" type="double"> 
						<column name="graduacion"  not-null="true"/>
					</property>
					<property name="Tipo" > 
						<column name="tipo"  not-null="true"/>
					</property>
			
			
			
			
			
					
					
					
					
		
 	  
		 </joined-subclass>
		  
		  <query name="CervezaENReadAllHQL">from CervezaEN</query>
		  <query name="CervezaENdevulevePorTipoHQL"><![CDATA[FROM CervezaEN where tipo = :tipo]]></query>
		</hibernate-mapping>
	