<?xml version="1.0" encoding="utf-8" ?>
		<hibernate-mapping xmlns="urn:nhibernate-mapping-2.2"
		                   assembly="CervezUAGenNHibernate"
		                   namespace="CervezUAGenNHibernate.EN.CervezUA">
		    
		    
			
				<class name="FacturaEN" table="Factura"> 
				  	
						<id name="Id" column="idFactura" type="integer"> 
							<generator class="hilo"/>
						</id>
			
					
					<property name="Importe" type="double"> 
						<column name="importe"  not-null="true"/>
					</property>
					<property name="Direccion" type="string"> 
						<column name="direccion"  not-null="true"/>
					</property>
					<property name="MetodoPago" > 
						<column name="metodoPago"  not-null="true"/>
					</property>
			
			
		  			
					
							<many-to-one name="Pedido" class="CervezUAGenNHibernate.EN.CervezUA.PedidoEN" >
								<column name="FK_idPedido_idPedido"/> 
        					</many-to-one>
					 
						
			
			
			
			
					
					
					
					
					
		
		 </class>	
		  
		  <query name="FacturaENReadAllHQL">from FacturaEN</query>
		</hibernate-mapping>
	