<?xml version="1.0" encoding="utf-8" ?>
		<hibernate-mapping xmlns="urn:nhibernate-mapping-2.2"
		                   assembly="CervezUAGenNHibernate"
		                   namespace="CervezUAGenNHibernate.EN.CervezUA">
		    
		    
			
				<class name="LineaPedidoEN" table="LineaPedido"> 
				  	
						<id name="Id" column="idLineaPedido" type="integer"> 
							<generator class="hilo"/>
						</id>
			
					
					<property name="Numero" type="integer"> 
						<column name="numero"  not-null="true"/>
					</property>
			
			
			
			
		  			
						<many-to-one name="Articulo" class="CervezUAGenNHibernate.EN.CervezUA.ArticuloEN" >	
								<column name="FK_id_idArticulo"/> 
						</many-to-one>
											 					
			
		  			
						<many-to-one name="Pedido" class="CervezUAGenNHibernate.EN.CervezUA.PedidoEN" >	
								<column name="FK_idPedido_idPedido_0"/> 
						</many-to-one>
											 					
					
					
					
					
		
		 </class>	
		  
		  <query name="LineaPedidoENReadAllHQL">from LineaPedidoEN</query>
		</hibernate-mapping>
	