<?xml version="1.0" encoding="utf-8" ?>
		<hibernate-mapping xmlns="urn:nhibernate-mapping-2.2"
		                   assembly="CervezUAGenNHibernate"
		                   namespace="CervezUAGenNHibernate.EN.CervezUA">
		    
		    
			
				<class name="PedidoEN" table="Pedido"> 
				  	
						<id name="Id" column="idPedido" type="integer"> 
							<generator class="hilo"/>
						</id>
			
					
					<property name="Estado" > 
						<column name="estado"  not-null="true"/>
					</property>
					<property name="Importe" type="double"> 
						<column name="importe"  not-null="true"/>
					</property>
					<property name="Direccion" type="string"> 
						<column name="direccion"  not-null="true"/>
					</property>
					<property name="Attribute" > 
						<column name="attribute"  not-null="true"/>
					</property>
			
			
			
		  			
						<many-to-one name="Usuario" class="CervezUAGenNHibernate.EN.CervezUA.UsuarioEN" >	
								<column name="FK_idUsuario_idUsuario"/> 
						</many-to-one>
											 					
			
			
		  			
						<bag name="Lineas" >
							<key>
							
								
								<column name="FK_idPedido_idPedido_0"/>
					      	</key>
							<one-to-many class="CervezUAGenNHibernate.EN.CervezUA.LineaPedidoEN"/>
					    </bag>
					
			
			
			
					
					
					
					
					
					
					
		
		 </class>	
		  
		  <query name="PedidoENReadAllHQL">from PedidoEN</query>
		  <query name="PedidoENfiltrarPorEstadoHQL"><![CDATA[FROM PedidoEN where estado = :state]]></query>
		</hibernate-mapping>
	