<?xml version="1.0" encoding="utf-8" ?>
		<hibernate-mapping xmlns="urn:nhibernate-mapping-2.2"
		                   assembly="CervezUAGenNHibernate"
		                   namespace="CervezUAGenNHibernate.EN.CervezUA">
		    
		    
			
				<class name="ValoracionEN" table="Valoracion"> 
				  	
						<id name="Id" column="idValoracion" type="integer"> 
							<generator class="hilo"/>
						</id>
			
					
					<property name="Valoracion" type="double"> 
						<column name="valoracion"  not-null="true"/>
					</property>
					<property name="Texto" type="string"> 
						<column name="texto"  not-null="true"/>
					</property>
			
			
		  			
						<many-to-one name="Articulo" class="CervezUAGenNHibernate.EN.CervezUA.ArticuloEN" >	
								<column name="FK_id_idArticulo"/> 
						</many-to-one>
											 					
			
		  			
					
							<many-to-one name="Usuario" class="CervezUAGenNHibernate.EN.CervezUA.UsuarioEN" >
								<column name="FK_idUsuario_idUsuario"/> 
        					</many-to-one>
					 
						
			
			
			
					
					
					
					
					
		
		 </class>	
		  
		  <query name="ValoracionENReadAllHQL">from ValoracionEN</query>
		</hibernate-mapping>
	